{
  "emp": [
    {
      "id": 1,
      "employeeName": "Aravind",
      "department": "Service",
      "date": "2020-02-27"
    },
    {
      "id": 2,
      "employeeName": "Naveen",
      "department": "CSD",
      "date": "2018-12-12"
    },
    {
      "id": 3,
      "employeeName": "Vijay",
      "department": "CSD",
      "date": "2018-12-12"
    },
    {
      "id": 4,
      "employeeName": "Phani",
      "department": "CSD",
      "date": "2018-12-12"
    },
    {
      "id": 5,
      "employeeName": "Avinash",
      "department": "CSD",
      "date": "2018-12-12"
    },
    {
      "employeeName": "Pavan",
      "department": "CSD",
      "date": "2018-12-12",
      "id": 7
    },
    {
      "id": 8,
      "employeeName": "Aravind",
      "department": "csd",
      "date": "2020-02-29"
    },
    {
      "id": 9,
      "employeeName": "Prasad",
      "department": "Service",
      "date": "2020-02-29"
    }
  ]
}